{
    "Evelyn": {
        "Down": {
            "X": 0,
            "Y": -100
        },
        "Up": {
            "X": 0,
            "Y": -102
        },
        "Left": {
            "X": 0,
            "Y": -100
        },
        "Right": {
            "X": 0,
            "Y": -100
        }
    },
    "Alex": {
        "Down": {
            "X": 0,
            "Y": -100
        },
        "Up": {
            "X": 0,
            "Y": -102
        },
        "Left": {
            "X": 0,
            "Y": -100
        },
        "Right": {
            "X": 0,
            "Y": -100
        }
    },
    "Leah": {
        "Down": {
            "X": 0,
            "Y": -100
        },
        "Up": {
            "X": 0,
            "Y": -102
        },
        "Left": {
            "X": 0,
            "Y": -100
        },
        "Right": {
            "X": 0,
            "Y": -100
        }
    }
}